Actual Marks,Predicted Marks,Difference
92,92.01102941176468,0.01102941176468164
88,88.26905080213903,0.2690508021390343
35,31.243983957219243,3.7560160427807574
